IdExtraccion|Tema|NombreExtraccion|IdExtraccionMaestra|IndRegulatorio|DatoObligatorio|PLDataFactory|ValorDeltaInicial|ValorDeltaFinal|tipo_liqui|estado_deltas|EstadoPipeline|Descripcion|Ejecucion|FechaInicioEjecucion|Estado
354|InformacionTransaccionesMEM|Multifuente_17_196649_u|624.0|false|false|PL_SIMEM_Maestras_Liquidacion_Diaria|2024-08-28|2024-08-30|Liquidacion|Deltas OK!|Finalizado||||Finalizado
380|InformacionTransaccionesMEM|Multifuente_17_196649_x|624.0|false|false|PL_SIMEM_Maestras_Liquidacion_Diaria|2024-08-28|2024-08-30|Liquidacion|Deltas OK!|Finalizado||||Finalizado
389|InformacionTransaccionesMEM|Multifuente_17_196649_k|624.0|false|false|PL_SIMEM_Maestras_Liquidacion_Diaria|2024-08-28|2024-08-30|Liquidacion|Deltas OK!|Finalizado||||Finalizado
395|InformacionTransaccionesMEM|Multifuente_17_196649_o|624.0|false|false|PL_SIMEM_Maestras_Liquidacion_Diaria|2024-08-28|2024-08-30|Liquidacion|Deltas OK!|Finalizado||||Finalizado
400|InformacionTransaccionesMEM|Multifuente_17_196649_zc|624.0|false|false|PL_SIMEM_Maestras_Liquidacion_Diaria|2024-08-28|2024-08-30|Liquidacion|Deltas OK!|Finalizado||||Finalizado
412|InformacionTransaccionesMEM|Multifuente_17_196649_e|624.0|false|false|PL_SIMEM_Maestras_Liquidacion_Diaria|2024-08-28|2024-08-30|Liquidacion|Deltas OK!|Finalizado||||Finalizado
416|InformacionTransaccionesMEM|Multifuente_17_196649_g|624.0|false|false|PL_SIMEM_Maestras_Liquidacion_Diaria|2024-08-28|2024-08-30|Liquidacion|Deltas OK!|Finalizado||||Finalizado
431|InformacionTransaccionesMEM|Multifuente_17_196649_v|624.0|false|false|PL_SIMEM_Maestras_Liquidacion_Diaria|2024-08-28|2024-08-30|Liquidacion|Deltas OK!|Finalizado||||Finalizado
433|InformacionTransaccionesMEM|Multifuente_17_196649_i|624.0|false|false|PL_SIMEM_Maestras_Liquidacion_Diaria|2024-08-28|2024-08-30|Liquidacion|Deltas OK!|Finalizado||||Finalizado
435|InformacionTransaccionesMEM|Multifuente_17_196649_l|624.0|false|false|PL_SIMEM_Maestras_Liquidacion_Diaria|2024-08-28|2024-08-30|Liquidacion|Deltas OK!|Finalizado||||Finalizado
450|InformacionTransaccionesMEM|Multifuente_17_196649_c|624.0|true|false|PL_SIMEM_Maestras_Liquidacion_Diaria|2024-08-28|2024-08-30|Liquidacion|Deltas OK!|Finalizado||||Finalizado
452|InformacionTransaccionesMEM|Multifuente_17_196649_d|624.0|false|false|PL_SIMEM_Maestras_Liquidacion_Diaria|2024-08-28|2024-08-30|Liquidacion|Deltas OK!|Finalizado||||Finalizado
453|InformacionTransaccionesMEM|Multifuente_17_196649_m|624.0|true|false|PL_SIMEM_Maestras_Liquidacion_Diaria|2024-08-28|2024-08-30|Liquidacion|Deltas OK!|Finalizado||||Finalizado
454|InformacionTransaccionesMEM|Multifuente_17_196649_w|624.0|false|false|PL_SIMEM_Maestras_Liquidacion_Diaria|2024-08-28|2024-08-30|Liquidacion|Deltas OK!|Finalizado||||Finalizado
455|InformacionTransaccionesMEM|Multifuente_17_196646_a|624.0|false|false|PL_SIMEM_Maestras_Liquidacion_Diaria|2024-08-28|2024-08-30|Liquidacion|Deltas OK!|Finalizado||||Finalizado
539|InformacionTransaccionesMEM|Multifuente_17_196649_sc|624.0|false|false|PL_SIMEM_Maestras_Liquidacion_Diaria|2024-08-28|2024-08-30|Liquidacion|Deltas OK!|Finalizado||||Finalizado
571|InformacionTransaccionesMEM|Multifuente_17_196649_stn|624.0|false|false|PL_SIMEM_Maestras_Liquidacion_Diaria|2024-08-28|2024-08-30|Liquidacion|Deltas OK!|Finalizado||||Finalizado
578|InformacionTransaccionesMEM|Multifuente_17_196649_st|624.0|false|false|PL_SIMEM_Maestras_Liquidacion_Diaria|2024-08-28|2024-08-30|Liquidacion|Deltas OK!|Finalizado||||Finalizado
586|InformacionTransaccionesMEM|Multifuente_17_196649_z|624.0|false|false|PL_SIMEM_Maestras_Liquidacion_Diaria|2024-08-28|2024-08-30|Liquidacion|Deltas OK!|Finalizado||||Finalizado
724|InformacionTransaccionesMEM|Multifuente_17_196649_j|624.0|false|false|PL_SIMEM_Maestras_Liquidacion_Diaria|2024-08-28|2024-08-30|Liquidacion|Deltas OK!|Finalizado||||Finalizado
725|InformacionTransaccionesMEM|Multifuente_17_196649_j1|624.0|false|false|PL_SIMEM_Maestras_Liquidacion_Diaria|2024-08-28|2024-08-30|Liquidacion|Deltas OK!|Finalizado||||Finalizado
157|InfoGeneracionSeguridadyRestricciones|11.2_PronosticoDemandaHorariaMensual||false|true|PL_InfoGeneracionSeguridadyRestricciones_11_2_pronosticodemanda_horaria_mensual|2024-08-01|2024-08-31||Deltas OK!|Finalizado|||2024-08-05T23:01:02.427Z|Finalizado
164|InformacionOperativaPeriodicaSIN|10_PronosticoDemandaCNDAreaHorariaMensual||true|true|PL_InformacionOperativaPeriodicaSIN_10_PronosticoDemandaCNDAreaHorariaMensual|2024-09-01|2024-09-30||Deltas OK!|Finalizado|||2024-09-01T17:02:28.457Z|Finalizado
165|InformacionOperativaPeriodicaSIN|10_PronosticoDemandaCNDSubAreaHorariaMensual||true|true|PL_InformacionOperativaPeriodicaSIN_10_PronosticoDemandaCNDSubAreaHorariaMensual|2024-09-01|2024-09-30||Deltas OK!|Finalizado|||2024-09-01T17:02:13.927Z|Finalizado
167|InformacionOperativaPeriodicaSIN|10_PronosticoDemandaCNDMCHorariaMensual||true|true|PL_InformacionOperativaPeriodicaSIN_10_PronosticoDemandaCNDMCHorariaMensual|2024-09-01|2024-09-30||Deltas OK!|Finalizado|||2024-09-01T17:02:52.733Z|Finalizado
171|InformacionOperativaPeriodicaSIN|10_PronosticoDemandaOfiAreaHorariaMensual||true|true|PL_SIMEM_InformacionOperativaPeriodicaSIN_10_PronosticoDemandaOfiAreaHorariaMensual|2024-09-01|2024-09-30||Deltas OK!|Finalizado|||2024-09-01T17:02:37.160Z|Finalizado
178|InformacionOperativaPeriodicaSIN|10_PronosticoDemandaOfiSubAreaHorariaMensual||true|true|PL_InformacionOperativaPeriodicaSIN_10_PronosticoDemandaOfiSubAreaHorariaMensual|2024-09-01|2024-09-30||Deltas OK!|Finalizado|||2024-09-01T17:03:01.240Z|Finalizado
179|InformacionOperativaPeriodicaSIN|10_PronosticoDemandaOfiMCHorariaMensual||true|true|PL_InformacionOperativaPeriodicaSIN_10_PronosticoDemandaOfiMCHorariaMensual|2024-09-01|2024-09-30||Deltas OK!|Finalizado|||2024-09-01T17:02:31.957Z|Finalizado
182|EstadisticasCttos|27_29_31_TablaMaestraInformacionCttosLiquidada||true|true|PL_SIMEM_EstadisticasCttos_27_29_31_TablaMaestraInformacionCttosLiquidada|2024-08-01|2024-08-31||Deltas OK!|Finalizado|||2024-08-05T02:05:40.547Z|Finalizado
183|EstadisticasCttos|27_TablaMaestraCttosSICEP||true|true|PL_SIMEM_EstadisticasCttos_27_TablaMaestraCttosSICEP|2024-01-01|2024-12-31||Deltas OK!|||||Sin procesar
206|EstadisticasCttos|Multifuente_27_29_31||true|true|PL_EstadisticasCttos_Multifuente_27_29_31|2024-10-01|2029-09-30||Deltas OK!|Finalizado|||2024-09-01T02:06:24.940Z|Finalizado
207|EstadisticasCttos|27_29_31_DemandaUPME||true|true|PL_EstadisticasCttos_27_29_31_DemandaUPME|2024-10-01|2029-09-30||Deltas OK!|Finalizado|||2024-09-01T03:01:32.920Z|Finalizado
218|InformacionOperativaPeriodicaSIN|10_MinimoOperativoInvierno||true|true|PL_InformacionOperativaPeriodicaSIN_10_MinimoOperativoInvierno|2025-05-01|2027-04-30||Deltas OK!|Finalizado|||2024-04-30T09:12:44.100Z|Finalizado
220|InformacionOperativaPeriodicaSIN|10_MinimoOperativoVerano||true|true|PL_InformacionOperativaPeriodicaSIN_10_MinimoOperativoVerano|2024-12-01|2026-11-30||Deltas OK!|||||Sin procesar
265|InfoGeneracionSeguridadyRestricciones|11.1_CostoUnitarioReconciliacionPositiva||true|true|PL_InfoGeneracionSeguridadyRestricciones_11_1_CostoUnitariodeReconciliacionPositiva|2024-08-01|2024-08-31||Deltas OK!|Finalizado|||2024-08-12T13:01:06.843Z|Finalizado
269|InfoComponentesTarifariosUR|19_ComponenteTtarifa||true|true|PL_InfoComponentesTarifariosUR_19_ComponenteTtarifa|2024-03-01|2024-08-31||Deltas OK!|Finalizado|||2024-08-06T07:02:59.520Z|Finalizado
272|InformacionAnillosdeSeguridadCxC|15_CantidadesPreciosMercadoSecundario||true|true|PL_InformacionAnillosdeSeguridadCxC_15_CantidadesPreciosMercadoSecundario|2024-09-03|2100-09-02||Deltas OK!|Finalizado|||2024-09-02T02:09:24.057Z|Finalizado
273|InformacionAnillosdeSeguridadCxC|15_CantidadesPreciosContratosDDV||true|true|PL_InformacionAnillosdeSeguridadCxC_15_CantidadesPreciosContratosDDV|2024-09-02|2100-09-01||Deltas OK!|Finalizado|||2024-09-02T02:09:05.337Z|Finalizado
274|InfoCargoPorConfiabilidad|12_CEEyCERE||true|true|PL_SIMEM_InfoCargoPorConfiabilidad_12_CEEyCERE|2024-08-01|2024-09-30||Deltas OK!|Finalizado|||2024-08-10T16:01:16.723Z|Finalizado
276|InformacionAnillosdeSeguridadCxC|15_OEFDiariaRecurso||false|true|PL_SIMEM_ InformacionAnillosdeSeguridadCxC_15_OEFDiariaRecurso|2024-09-03|2100-09-02||Deltas OK!|Finalizado|||2024-09-02T02:09:17.850Z|Finalizado
277|InformacionFinancieraMEM|33.1_CROMPatrimonio||false|true|PL_InformacionFinancieraMEM_33_1_CROMPatrimonio|2024-09-01|2029-10-31||Deltas OK!|Finalizado|||2024-09-01T08:01:43.277Z|Finalizado
308|InformacionLimitaciondeSuministro|34_LimitacionSuministroBolsaRes0012003||true|false|PL_SIMEM_InformacionLimitaciondeSuministro_34_LimitacionSuministroBolsaRes0012003|2024-06-22|2024-09-02||Deltas OK!|Finalizado|||2024-09-02T06:02:24.580Z|Finalizado
309|InformacionLimitaciondeSuministro|34_LimitacionSuministroUsuariosFinalesRes1161998||true|false|PL_SIMEM_InformacionLimitaciondeSuministro_34_LimitacionSuministroUsuariosFinalesRes1161998|2024-06-22|2024-09-02||Deltas OK!|Finalizado|||2024-09-02T06:03:06.300Z|Finalizado
310|InformacionLimitaciondeSuministro|34_LimitacionSuministroRes1562011||true|false|PL_SIMEM_InformacionLimitaciondeSuministro_34_LimitacionSuministroRes1562011|2024-06-22|2024-09-02||Deltas OK!|Finalizado|||2024-09-02T06:02:34.690Z|Finalizado
312|InformacionOperativaPeriodicaSIN|10_CondiciondelSistemaEstatutoDesabastecimientoSemanal||true|true|PL_SIMEM_InformacionOperativaPeriodicaSIN_10_CondiciondelSistemaEstatutoDesabastecimientoSemanal|2024-09-02|2024-09-02||Deltas OK!|Finalizado|||2024-09-01T18:01:11.083Z|Finalizado
316|InformacionOperativaPeriodicaSIN|10_DespachoProgramadoRecursos||true|true|PL_SIMEM_InformacionOperativaPeriodicaSIN_10_DespachoProgramadoRecursos|2024-09-02|2024-09-02||Deltas OK!|Finalizado|||2024-09-01T15:01:00.970Z|Finalizado
320|InformacionOperativaPeriodicaSIN|10_ResumenInformacionOperativaGeneracion||true|true|PL_InformacionOperativaPeriodicaSIN_10_ResumenInformacionOperativaGeneracion|2024-09-01|2024-09-01||Problemas con deltas, se tienen 2024-09-01 y 2024-09-01, deberian ser 2024-09-02 y 2024-09-02 respectivamente.|Error|Lectura dataframe - Error de valor - No se encontraron datos en la zona raw||2024-09-02T06:03:10.420Z|Fallido
321|InformacionOperativaPeriodicaSIN|10_ResumenInformacionOperativaLineasSTN||false|false|PL_InformacionOperativaPeriodicaSIN_10_ResumenInformacionOperativaLineasSTN|2024-09-01|2024-09-01||Deltas OK!|Finalizado|||2024-09-01T18:01:31.963Z|Finalizado
322|InformacionOperativaPeriodicaSIN|10_ResumenInformacionOperativaActivosSTN||false|false|PL_InformacionOperativaPeriodicaSIN_10_ResumenInformacionOperativaActivosSTN|2024-09-01|2024-09-01||Deltas OK!|Finalizado|||2024-09-01T18:01:46.583Z|Finalizado
323|InformacionOperativaPeriodicaSIN|10_InformeDiarioOperacionGeneracion||true|true|PL_InformacionOperativaPeriodicaSIN_10_InformeDiarioOperacionGeneracion|2024-08-31|2024-08-31||Deltas OK!|Finalizado|||2024-09-01T07:03:19.497Z|Finalizado
325|InformacionOperativaPeriodicaSIN|10_InformeDiarioOperacionDispReal||true|true|PL_InformacionOperativaPeriodicaSIN_10_InformeDiarioOperacionDispReal|2024-09-01|2024-09-01||Deltas OK!|Finalizado|||2024-09-01T07:04:02.217Z|Finalizado
326|InformacionOperativaPeriodicaSIN|10_InformeDiarioOperacionDNA||false|false|PL_InformacionOperativaPeriodicaSIN_10_InformeDiarioOperacionDNA|2024-08-27|2024-09-01||Deltas OK!|Finalizado|||2024-09-01T07:02:33.733Z|Finalizado
327|InformacionOperativaPeriodicaSIN|10_InformeDiarioOperacionTension||false|false|PL_InformacionOperativaPeriodicaSIN_10_InformeDiarioOperacionTension|2024-09-01|2024-09-01||Deltas OK!|Finalizado|||2024-09-01T07:03:27.770Z|Finalizado
329|InformacionOperativaPeriodicaSIN|10_InformeDiarioOperacionFrecuencia||false|false|PL_InformacionOperativaPeriodicaSIN_10_InformeDiarioOperacionFrecuencia|2024-09-01|2024-09-01||Deltas OK!|Finalizado|||2024-09-01T07:02:38.027Z|Finalizado
330|InformacionOperativaPeriodicaSIN|10_InformeDiarioOperacionEDAC||false|false|PL_SIMEM_InformacionOperativaPeriodicaSIN_10_InformeDiarioOperacionEDAC|2024-09-02|2024-09-02||Deltas OK!|Finalizado|||2024-09-02T06:02:52.707Z|Finalizado
331|InformacionOperativaPeriodicaSIN|10_InformeDiarioOperacionEventosGen||false|false|PL_SIMEM_InformacionOperativaPeriodicaSIN_10_InformeDiarioOperacionEventosGen|2024-09-01|2024-09-01||Deltas OK!|Finalizado|||2024-09-01T07:02:54.573Z|Finalizado
335|InformacionOperativaPeriodicaSIN|10_InformeDiarioOperacionAGC||true|true|PL_SIMEM_InformacionOperativaPeriodicaSIN_10_InformeDiarioOperacionAGC|2024-09-01|2024-09-01||Deltas OK!|Finalizado|||2024-09-01T07:03:50.683Z|Finalizado
336|InformacionOperativaPeriodicaSIN|10_InformeDiarioOperacionCostos||true|true|PL_InformacionOperativaPeriodicaSIN_10_InformeDiarioOperacionCostos|2024-09-02|2024-09-02||Deltas OK!|Finalizado|||2024-09-02T06:02:59.970Z|Finalizado
337|InformacionOperativaPeriodicaSIN|10_InformeDiarioOperacionAportesHidraulicos||true|true|PL_SIMEM_InformacionOperativaPeriodicaSIN_10_InformeDiarioOperacionAportesHidraulicos|2024-09-01|2024-09-01||Deltas OK!|Finalizado|||2024-09-01T07:03:57.060Z|Finalizado
338|InformacionOperativaPeriodicaSIN|10_InformeDiarioOperacionReservasHidraulicos||true|true|PL_InformacionOperativaPeriodicaSIN_10_InformeDiarioOperacionReservasHidraulicos|2024-09-01|2024-09-01||Deltas OK!|Finalizado|||2024-09-01T07:03:05.060Z|Finalizado
339|InformacionOperativaPeriodicaSIN|10_InformeDiarioOperacionVertimientosHidraulicos||true|true|PL_InformacionOperativaPeriodicaSIN_10_InformeDiarioOperacionVertimientosHidraulicos|2024-09-02|2024-09-02||Deltas OK!|Finalizado|||2024-09-02T06:02:28.317Z|Finalizado
355|InformacionAnillosdeSeguridadCxC|15_TRM||true|true|PL_SIMEM_InformacionAnillosdeSeguridadCxC_15_TRM|2024-09-01|2024-09-02||Deltas OK!|Finalizado|||2024-09-02T03:01:53.753Z|Finalizado
356|InformacionOperativaPeriodicaSIN|10_PrecioMarginalDespacho||true|true|PL_InformacionOperativaPeriodicaSIN_10_PrecioMarginalDespacho|2024-09-01|2024-09-01||Deltas OK!|Finalizado|||2024-09-01T17:02:16.950Z|Finalizado
359|InformacionAnillosdeSeguridadCxC|15_EnergiaReferenciaMercadoSecundario||false|true|PL_SIMEM_InformacionAnillosdeSeguridadCxC_15_EnergiaReferenciaMercadoSecundario|2024-09-03|2100-09-03||Deltas OK!|Finalizado|||2024-09-02T02:09:08.740Z|Finalizado
366|InformacionGeneralSIN|9_2_ParametrosTecnicosLineasTrasmision||true|true|PL_SIMEM_InformacionGeneralSIN_9_2_ParametrosTecnicosLineasTrasmision|2024-09-02|2024-09-02||Deltas OK!|Finalizado|||2024-09-01T10:01:42.903Z|Finalizado
367|InformacionGeneralSIN|9.1_ParametrosTecnicosPlantaUnidadHidraulica||true|true|PL_SIMEM_InformacionGeneralSIN_9_1_ParametrosTecnicosPlantaUnidadHidraulica|2024-09-02|2024-09-02||Deltas OK!|Finalizado|||2024-09-01T10:01:45.027Z|Finalizado
373|InformacionGeneralSIN|9.1_ParametrosTecnicosPlantaUnidadTermica||true|true|PL_SIMEM_InformacionGeneralSIN_9_1_ParametrosTecnicosPlantasUnidadesTermicas|2024-09-02|2024-09-02||Deltas OK!|Finalizado|||2024-09-01T10:01:37.700Z|Finalizado
374|InformacionGeneralSIN|9.1_ParametrosTecnicosPlantaUnidadSolar||true|true|PL_SIMEM_InformacionGeneralSIN_9_1_ParametrosTecnicosPlantasUnidadesSolares|2024-09-02|2024-09-02||Deltas OK!|Finalizado|||2024-09-01T10:01:39.720Z|Finalizado
375|InformacionGeneralSIN|9.1_ParametrosTecnicosPlantaUnidadEolica||true|false|PL_SIMEM_InformacionGeneralSIN_9_1_ParametrosTecnicosPlantasUnidadesEolica|2024-09-02|2024-09-02||Deltas OK!|Finalizado|||2024-09-01T10:01:33.487Z|Finalizado
447|InformacionOperativaPeriodicaSIN|Multifuente_B_10_InformeDiarioOperacionTIEProgramadaRealExportacion||true|true|PL_SIMEM_InformacionOperativaPeriodicaSIN_Multi_B_10_InformeDiarioOperacionTIEProgramadaRealExportacion|2024-09-01|2024-09-01||Deltas OK!|Finalizado|||2024-09-01T07:01:44.377Z|Finalizado
448|InformacionOperativaPeriodicaSIN|10_PrecioMarginalesDiarioRedespacho||true|true|PL_InformacionOperativaPeriodicaSIN_10_PrecioMarginalesDiarioRedespacho|2024-09-02|2024-09-02||Deltas OK!|Finalizado|||2024-09-02T06:03:08.190Z|Finalizado
449|InformacionOperativaPeriodicaSIN|10_InformeProgramaRedespachoDiario||true|true|PL_InformacionOperativaPeriodicaSIN_10_InformeProgramaRedespachoDiario|2024-08-28|2024-09-02||Deltas OK!|Finalizado|||2024-09-02T06:02:39.067Z|Finalizado
456|InformacionGeneralSIN|9.1_ListadoAgentesRegistrados||true|true|PL_InformacionGeneralSIN_9_1_ListadoAgentesRegistrados|2024-09-02|2024-09-02||Deltas OK!|Finalizado|||2024-09-01T07:02:49.450Z|Finalizado
457|InfoGeneracionSeguridadyRestricciones|11.4.2_EstadisticasPronosticoDemandaHorariaMensual||true|true|PL_InfoGeneracionSeguridadyRestricciones_11_4_2_EstadisticasPronosticoDemandaHorariaMensual|2024-08-01|2024-08-31||Deltas OK!|Finalizado|||2024-08-05T23:01:09.107Z|Finalizado
460|InfoCargoPorConfiabilidad|12_ENFICC_Verificada||true|true|PL_SIMEM_InfoCargoPorConfiabilidad_12_ENFICC_Verificada|2024-09-01|2024-09-01||Deltas OK!|Finalizado|||2024-09-01T08:01:35.027Z|Finalizado
494|InformacionOperativaPeriodicaSIN|10_Pruebas_Generacion_CP||true|true|PL_SIMEM_InformacionOperativaPeriodicaSIN_10_Pruebas_Generacion_CP|2024-09-09|2024-09-15||Deltas OK!|Finalizado|||2024-09-01T19:01:07.427Z|Finalizado
521|InfoPreciosyCantidadesMercadoNoRegulado|25_27_29_31_DemandaComercializadorRegyNoReg||true|true|PL_SIMEM_InfoPreciosyCantidadesMercadoNoRegulado_25_27_29_31_DemandaComercializadorRegyNoReg|2024-08-01|2024-08-31||Deltas OK!|Finalizado|||2024-08-05T03:01:47.390Z|Finalizado
525|InformacionOperativaPeriodicaSIN|10_Coordinacion_Mantenimientos_Generadores||true|true|PL_SIMEM_InformacionOperativaPeriodicaSIN_10_Coordinacion_Mantenimientos_Generadores|2024-09-09|2024-09-15||Deltas OK!|Finalizado|||2024-09-01T19:01:09.410Z|Finalizado
540|InformacionOperativaPeriodicaSIN|10_Informe_de_Resultados_del_Despacho_Economico||true|true|PL_SIMEM_InformacionOperativaPeriodicaSIN_10_Informe_de_Resultados_del_Despacho_Economico|2024-09-03|2024-09-03||Deltas OK!|Finalizado|||2024-09-01T19:01:20.953Z|Finalizado
590|InformacionOperativaPeriodicaSIN|10_Analisis_Electrico_MP||true|true|PL_SIMEM_InformacionOperativaPeriodicaSIN_10_Analisis_Electrico_MP|2024-07-01|2024-09-30||Deltas OK!|Finalizado|||2024-07-01T08:15:29.580Z|Finalizado
593|InformacionGeneralSIN|9.1_FechaRetiroUnidades||true|true|PL_SIMEM_InformacionGeneralSIN_9_1_FechaRetiroUnidades|2024-09-02|2024-09-02||Deltas OK!|Finalizado|||2024-09-01T23:01:23.803Z|Finalizado
599|InformacionGeneralSIN|9.1_GarantiaRetiroTemporal||true|false|PL_SIMEM_InformacionGeneralSIN_9_1_GarantiaRetiroTemporal|2024-09-02|2024-09-02||Deltas OK!|Finalizado|||2024-09-01T21:01:08.367Z|Finalizado
600|InformacionOperativaPeriodicaSIN|10_Analisis_Electrico_LP||true|true|PL_SIMEM_InformacionOperativaPeriodicaSIN_10_Analisis_Electrico_LP|2024-07-01|2024-12-31||Deltas OK!|Finalizado|||2024-04-02T13:49:15.477Z|Finalizado
608|InformacionOperativaPeriodicaSIN|10_Informe_Operadores_Red||true|true|PL_SIMEM_InformacionOperativaPeriodicaSIN_10_Informe_Operadores_Red|2024-01-01|2024-12-31||Deltas OK!|Finalizado|||2024-04-30T17:37:29.663Z|Finalizado
613|InformacionOperativaPeriodicaSIN|10_Elementos_Recomendaciones_Electricas_Despacho_Economico||true|true|PL_SIMEM_InformacionOperativaPeriodicaSIN_10_Elementos_Recomendaciones_Electricas_Despacho_Economico|2024-09-03|2024-09-03||Deltas OK!|Finalizado|||2024-09-01T22:01:18.540Z|Finalizado
614|InformacionOperativaPeriodicaSIN|10_Mantenimientos_Recomendaciones_Electricas_Despacho_Economico||true|true|PL_SIMEM_InformacionOperativaPeriodicaSIN_10_Mantenimientos_Recomendaciones_Electricas_Despacho_Economico|2024-09-03|2024-09-03||Deltas OK!|Finalizado|||2024-09-01T22:01:21.370Z|Finalizado
615|InformacionOperativaPeriodicaSIN|10_Recomendaciones_Electricas_Despacho_Economico||true|true|PL_SIMEM_InformacionOperativaPeriodicaSIN_10_Recomendaciones_Electricas_Despacho_Economico|2024-09-03|2024-09-03||Deltas OK!|Finalizado|||2024-09-01T22:01:22.790Z|Finalizado
616|InformacionOperativaPeriodicaSIN|10_Elementos_Recomendaciones_Electricas_Tiempo_Real||true|true|PL_SIMEM_InformacionOperativaPeriodicaSIN_10_Elementos_Recomendaciones_Electricas_Tiempo_Real|2024-09-02|2024-09-02||Deltas OK!|Finalizado|||2024-09-02T02:08:56.960Z|Finalizado
617|InformacionOperativaPeriodicaSIN|10_Mantenimientos_Recomendaciones_Electricas_Tiempo_Real||true|true|PL_SIMEM_InformacionOperativaPeriodicaSIN_10_Mantenimientos_Recomendaciones_Electricas_Tiempo_Real|2024-09-02|2024-09-02||Deltas OK!|Finalizado|||2024-09-02T02:08:59.057Z|Finalizado
618|InformacionOperativaPeriodicaSIN|10_Recomendaciones_Electricas_Tiempo_Real||true|true|PL_SIMEM_InformacionOperativaPeriodicaSIN_10_Recomendaciones_Electricas_Tiempo_Real|2024-09-02|2024-09-02||Deltas OK!|Finalizado|||2024-09-02T02:09:11.573Z|Finalizado
619|InformacionOperativaPeriodicaSIN|10_Estudio_EDAC||true|true|PL_SIMEM_InformacionOperativaPeriodicaSIN_10_Estudio_EDAC|2025-01-01|2025-12-31||Deltas OK!|||||Sin procesar
624|Maestras|Liquidacion||false|true|PL_SIMEM_Maestras_Liquidacion_Diaria|2024-09-01|2024-09-01||Deltas OK!|Finalizado|||2024-09-01T08:12:33.513Z|Finalizado
628|InformacionOperativaPeriodicaSIN|10_Estudio_Interconexion_Colombia_Ecuador||true|true|PL_SIMEM_InformacionOperativaPeriodicaSIN_10_Estudio_Interconexion_Colombia_Ecuador|2024-01-01|2024-12-31||Deltas OK!|||||Sin procesar
631|InfoGeneracionSeguridadyRestricciones|11.3_HorasIndisponibilidadLineas||true|false|PL_InfoGeneracionSeguridadyRestricciones_11_3_HorasIndisponibilidadLineas|2024-08-01|2024-08-31||Deltas OK!|Finalizado|||2024-08-12T13:01:15.130Z|Finalizado
637|Maestras|Liquidacion_Mensual||false|false|PL_SIMEM_Maestras_Liquidacion_Mensual|2024-08-31|2024-08-31||Problemas con deltas, se tienen 2024-08-31 y 2024-08-31, deberian ser 2024-09-01 y 2024-09-01 respectivamente.|Error|Pipeline - Fallo el notebook de curated al ejecutar -||2024-09-01T09:01:18.997Z|Fallido
645|InformacionFinancieraMEM|33.3_GarantiasDeReservaDeCapacidad||true|false|PL_InformacionFinancieraMEM_33_3_GarantiasDeReservaDeCapacidad|2024-08-01|2024-08-31||Deltas OK!|Finalizado|||2024-08-06T17:01:39.267Z|Finalizado
646|InfoGeneracionSeguridadyRestricciones|11.3_MontoIndisponibilidadLineasSTN||true|false|PL_InfoGeneracionSeguridadyRestricciones_11_3_MontoIndisponibilidadLineasSTN|2024-08-01|2024-08-31||Deltas OK!|Finalizado|||2024-08-12T13:01:18.377Z|Finalizado
652|InformacionGeneralSIN|9.1_ListadoUnidadesPlantas||true|true|PL_SIMEM_InformacionGeneralSIN_9_1_ListadoUnidadesPlantas|2024-09-02|2024-09-02||Deltas OK!|Finalizado|||2024-09-01T08:01:21.610Z|Finalizado
653|InformacionOperativaPeriodicaSIN|10_Reevaluacion_Parametros_AGC||true|true|PL_SIMEM_InformacionOperativaPeriodicaSIN_10_Reevaluacion_Parametros_AGC|2024-01-01|2024-12-31||Deltas OK!|||||Sin procesar
655|InformacionFinancieraMEM|Multifuente_33_2_219807_a||false|false|PL_SIMEM_InformacionFinancieraMEM_Multifuente_33_2_219807|2024-08-28|2024-09-03||Deltas OK!|Finalizado|||2024-08-28T06:03:45.417Z|Finalizado
728|InformacionOperativaPeriodicaSIN|10_Panorama_Energetico_Mediano_Plazo_Aportes||true|true|PL_SIMEM_InformacionOperativaPeriodicaSIN_10_Panorama_Energetico_Mediano_Plazo_Aportes|2024-09-02|2024-09-08||Deltas OK!|Finalizado|||2024-09-01T17:02:46.690Z|Finalizado
729|InformacionOperativaPeriodicaSIN|10_Panorama_Energetico_Mediano_Plazo_Demanda||true|true|PL_SIMEM_InformacionOperativaPeriodicaSIN_10_Panorama_Energetico_Mediano_Plazo_Demanda|2024-09-02|2024-09-08||Deltas OK!|Finalizado|||2024-09-01T17:02:21.543Z|Finalizado
730|InformacionOperativaPeriodicaSIN|10_Panorama_Energetico_Mediano_Plazo_Importaciones_Netas||true|true|PL_SIMEM_InformacionOperativaPeriodicaSIN_10_Panorama_Energetico_Mediano_Plazo_Importaciones_Netas|2024-09-02|2024-09-08||Deltas OK!|Finalizado|||2024-09-01T17:02:43.770Z|Finalizado
731|InformacionOperativaPeriodicaSIN|10_Panorama_Energetico_Mediano_Plazo_Reservas_Energia||true|true|PL_SIMEM_InformacionOperativaPeriodicaSIN_10_Panorama_Energetico_Mediano_Plazo_Reservas_Energia|2024-09-02|2024-09-08||Deltas OK!|Finalizado|||2024-09-01T17:03:11.423Z|Finalizado
732|InformacionOperativaPeriodicaSIN|10_Panorama_Energetico_Mediano_Plazo_Reservas_Porcentaje||true|true|PL_SIMEM_InformacionOperativaPeriodicaSIN_10_Panorama_Energetico_Mediano_Plazo_Reservas_Porcentaje|2024-09-02|2024-09-08||Deltas OK!|Finalizado|||2024-09-01T17:03:14.850Z|Finalizado
733|InformacionOperativaPeriodicaSIN|10_Panorama_Energetico_Mediano_Plazo_Costos_Marginales||true|true|PL_SIMEM_InformacionOperativaPeriodicaSIN_10_Panorama_Energetico_Mediano_Plazo_Costos_Marginales|2024-09-02|2024-09-08||Deltas OK!|Finalizado|||2024-09-01T17:03:18.050Z|Finalizado
734|InformacionOperativaPeriodicaSIN|10_Panorama_Energetico_Mediano_Plazo_Generacion||true|true|PL_SIMEM_InformacionOperativaPeriodicaSIN_10_Panorama_Energetico_Mediano_Plazo_Generacion|2024-09-02|2024-09-08||Deltas OK!|Finalizado|||2024-09-01T17:03:09.530Z|Finalizado
735|InformacionOperativaPeriodicaSIN|10_Panorama_Energetico_Mediano_Plazo_Vertimientos||true|true|PL_SIMEM_InformacionOperativaPeriodicaSIN_10_Panorama_Energetico_Mediano_Plazo_Vertimientos|2024-09-02|2024-09-08||Deltas OK!|Finalizado|||2024-09-01T17:02:58.937Z|Finalizado
736|InformacionOperativaPeriodicaSIN|10_Panorama_Energetico_Mediano_Plazo_Deficit||true|true|PL_SIMEM_InformacionOperativaPeriodicaSIN_10_Panorama_Energetico_Mediano_Plazo_Deficit|2024-09-02|2024-09-08||Deltas OK!|Finalizado|||2024-09-01T17:02:58.380Z|Finalizado
737|InformacionOperativaPeriodicaSIN|10_Panorama_Energetico_Mediano_Plazo_Consumo_Combustible||true|true|PL_SIMEM_InformacionOperativaPeriodicaSIN_10_Panorama_Energetico_Mediano_Plazo_Consumo_Combustible|2024-09-02|2024-09-08||Deltas OK!|Finalizado|||2024-09-01T17:02:39.100Z|Finalizado
738|InformacionOperativaPeriodicaSIN|10_Panorama_Energetico_Largo_Plazo_Aportes||true|true|PL_SIMEM_InformacionOperativaPeriodicaSIN_10_Panorama_Energetico_Largo_Plazo_Aportes|2024-09-01|2024-09-30||Deltas OK!|Finalizado|||2024-08-15T17:01:45.160Z|Finalizado
739|InfoGeneracionSeguridadyRestricciones|11.3_MontoIndisponibilidadLineasSTR||true|false|PL_InfoGeneracionSeguridadyRestricciones_11_3_MontoIndisponibilidadLineasSTR|2024-08-01|2024-08-31||Deltas OK!|Finalizado|||2024-08-13T11:28:13.820Z|Finalizado
744|InformacionOperativaPeriodicaSIN|10_Panorama_Energetico_Largo_Plazo_Demanda||true|true|PL_SIMEM_InformacionOperativaPeriodicaSIN_10_Panorama_Energetico_Largo_Plazo_Demanda|2024-09-01|2024-09-30||Deltas OK!|Finalizado|||2024-08-15T17:01:55.787Z|Finalizado
745|InformacionOperativaPeriodicaSIN|10_Panorama_Energetico_Largo_Plazo_Importaciones_Netas||true|true|PL_SIMEM_InformacionOperativaPeriodicaSIN_10_Panorama_Energetico_Largo_Plazo_Importaciones_Netas|2024-09-01|2024-09-30||Deltas OK!|Finalizado|||2024-08-15T17:01:57.970Z|Finalizado
746|InformacionOperativaPeriodicaSIN|10_Panorama_Energetico_Largo_Plazo_Reservas_Energia||true|true|PL_SIMEM_InformacionOperativaPeriodicaSIN_10_Panorama_Energetico_Largo_Plazo_Reservas_Energia|2024-09-01|2024-09-30||Deltas OK!|Finalizado|||2024-08-15T17:02:08.473Z|Finalizado
747|InformacionOperativaPeriodicaSIN|10_Panorama_Energetico_Largo_Plazo_Reservas_Porcentaje||true|true|PL_InformacionOperativaPeriodicaSIN_10_Panorama_Energetico_Largo_Plazo_Reservas_Porcentaje|2024-09-01|2024-09-30||Deltas OK!|Finalizado|||2024-08-15T17:01:50.450Z|Finalizado
748|InformacionOperativaPeriodicaSIN|10_Panorama_Energetico_Largo_Plazo_Costos_Marginales||true|true|PL_SIMEM_InformacionOperativaPeriodicaSIN_10_Panorama_Energetico_Largo_Plazo_Costos_Marginales|2024-09-01|2024-09-30||Deltas OK!|Finalizado|||2024-08-15T17:01:57.917Z|Finalizado
749|InformacionOperativaPeriodicaSIN|10_Panorama_Energetico_Largo_Plazo_Generacion||true|true|PL_SIMEM_InformacionOperativaPeriodicaSIN_10_Panorama_Energetico_Largo_Plazo_Generacion|2024-09-01|2024-09-30||Deltas OK!|Finalizado|||2024-08-15T17:02:02.253Z|Finalizado
750|InformacionOperativaPeriodicaSIN|10_Panorama_Energetico_Largo_Plazo_Vertimientos||true|true|PL_SIMEM_InformacionOperativaPeriodicaSIN_10_Panorama_Energetico_Largo_Plazo_Vertimientos|2024-09-01|2024-09-30||Deltas OK!|Finalizado|||2024-08-15T17:01:43.037Z|Finalizado
751|InformacionOperativaPeriodicaSIN|10_Panorama_Energetico_Largo_Plazo_Deficit||true|true|PL_SIMEM_InformacionOperativaPeriodicaSIN_10_Panorama_Energetico_Largo_Plazo_Deficit|2024-09-01|2024-09-30||Deltas OK!|Finalizado|||2024-08-15T17:01:51.550Z|Finalizado
752|InformacionOperativaPeriodicaSIN|10_Panorama_Energetico_Largo_Plazo_Consumo_Combustible||true|true|PL_SIMEM_InformacionOperativaPeriodicaSIN_10_Panorama_Energetico_Largo_Plazo_Consumo_Combustible|2024-09-01|2024-09-30||Deltas OK!|Finalizado|||2024-08-15T17:02:11.443Z|Finalizado
754|InformacionGeneralSIN|9_1_RetiroPlantas||true|true|PL_SIMEM_InformacionGeneralSIN_9_1_RetiroPlantas|2024-09-02|2024-09-02||Deltas OK!|Finalizado|||2024-09-01T17:12:56.897Z|Finalizado
755|InformacionOperativaPeriodicaSIN|10_AportesHidraulicos||true|true|PL_SIMEM_InformacionOperativaPeriodicaSIN_10_AportesHidraulicos|2024-09-01|2024-09-01||Deltas OK!|Finalizado|||2024-09-01T07:03:02.980Z|Finalizado
756|InformacionOperativaPeriodicaSIN|10_AportesHidraulicosEnergia||true|true|PL_SIMEM_InformacionOperativaPeriodicaSIN_10_AportesHidraulicosEnergia|2024-09-01|2024-09-01||Deltas OK!|Finalizado|||2024-09-01T07:02:47.373Z|Finalizado
757|InformacionOperativaPeriodicaSIN|10_AportesHidraulicosPorcentaje||true|true|PL_SIMEM_InformacionOperativaPeriodicaSIN_10_AportesHidraulicosPorcentaje|2024-09-01|2024-09-01||Deltas OK!|Finalizado|||2024-09-01T07:03:40.217Z|Finalizado
758|InformacionOperativaPeriodicaSIN|10_EvolucionEmbalses||true|true|PL_SIMEM_InformacionOperativaPeriodicaSIN_10_EvolucionEmbalses|2024-09-01|2024-09-01||Deltas OK!|Finalizado|||2024-09-01T07:03:46.567Z|Finalizado
759|InformacionOperativaPeriodicaSIN|10_EvolucionEmbalsesEnergia||true|true|PL_SIMEM_InformacionOperativaPeriodicaSIN_10_EvolucionEmbalsesEnergia|2024-09-01|2024-09-01||Deltas OK!|Finalizado|||2024-09-01T07:04:15.713Z|Finalizado
760|InformacionOperativaPeriodicaSIN|10_EvolucionEmbalsesPorcentaje||true|true|PL_SIMEM_InformacionOperativaPeriodicaSIN_10_EvolucionEmbalsesPorcentaje|2024-09-01|2024-09-01||Deltas OK!|Finalizado|||2024-09-01T07:04:19.933Z|Finalizado
761|InformacionOperativaPeriodicaSIN|10_VolumenTurbinado||true|true|PL_SIMEM_InformacionOperativaPeriodicaSIN_10_VolumenTurbinado|2024-09-01|2024-09-01||Deltas OK!|Finalizado|||2024-09-01T07:03:18.480Z|Finalizado
763|InformacionOperativaPeriodicaSIN|10_Panorama_Energetico_Mediano_Plazo_Indices||true|false|PL_SIMEM_InformacionOperativaPeriodicaSIN_10_Panorama_Energetico_Mediano_Plazo_Indices|2024-09-02|2024-09-08||Deltas OK!|Finalizado|||2024-09-01T17:03:17.427Z|Finalizado
765|InformacionOperativaPeriodicaSIN|10_PanoramaEnergeticoLargoPlazoIndices||true|true|PL_SIMEM_InformacionOperativaPeriodicaSIN_10_PanoramaEnergeticoLargoPlazoIndices|2024-09-01|2024-09-30||Deltas OK!|Finalizado|||2024-08-15T17:02:09.630Z|Finalizado
779|Maestras|Versiones_RecEle||false|true|PL_SIMEM_Maestras_Versiones_RecEle|2024-01-01|2024-12-31||Deltas OK!|Finalizado|||2024-09-02T06:02:24.757Z|Finalizado
780|InformacionGeneralSIN|9_1_PlantaTermicaCombustible||true|true|PL_SIMEM_InformacionGeneralSIN_9_1_PlantaTermicaCombustible|2024-09-01|2024-09-01||Deltas OK!|Finalizado|||2024-09-01T08:01:21.463Z|Finalizado
790|InformacionOperativaPeriodicaSIN|Multifuente_P_10_InformeDiarioOperacionTIEProgramadaRealImportacion||true|true|PL_SIMEM_InformacionOperativaPeriodicaSIN_Multi_P_10_InformeDiarioOperacionTIEProgramadaRealImportacion|2024-09-01|2024-09-01||Deltas OK!|Finalizado|||2024-09-01T07:01:21.633Z|Finalizado
791|InformacionOperativaPeriodicaSIN|10_InformeDiarioOperacionReservasHidraulicosEnergia||true|true|PL_SIMEM_InformacionOperativaPeriodicaSIN_10_InformeDiarioOperacionReservasHidraulicosEnergia|2024-09-01|2024-09-01||Deltas OK!|Finalizado|||2024-09-01T07:03:44.323Z|Finalizado
792|InformacionOperativaPeriodicaSIN|10_InformeDiarioOperacionReservasHidraulicosPorcentaje||true|true|PL_SIMEM_InformacionOperativaPeriodicaSIN_10_InformeDiarioOperacionReservasHidraulicosPorcentaje|2024-09-01|2024-09-01||Deltas OK!|Finalizado|||2024-09-01T07:03:55.933Z|Finalizado
794|InformacionOperativaPeriodicaSIN|10_InformeDiarioOperacionAportesHidraulicosEnergia||true|true|PL_SIMEM_InformacionOperativaPeriodicaSIN_10_InformeDiarioOperacionAportesHidraulicosEnergia|2024-09-01|2024-09-01||Deltas OK!|Finalizado|||2024-09-01T07:04:07.370Z|Finalizado
795|InformacionOperativaPeriodicaSIN|10_InformeDiarioOperacionAportesHidraulicosPorcentaje||true|true|PL_SIMEM_InformacionOperativaPeriodicaSIN_10_InformeDiarioOperacionAportesHidraulicosPorcentaje|2024-09-01|2024-09-01||Deltas OK!|Finalizado|||2024-09-01T07:04:12.637Z|Finalizado
805|InformacionOperativaPeriodicaSIN|10_InformeDiarioOperacionVariableMeteorologicaSolar||false|true|PL_InformacionOperativaPeriodicaSIN_10_InformeDiarioOperacionVariableMeteorologicaSolar|2024-09-02|2024-09-02||Deltas OK!|Finalizado|||2024-09-02T06:02:47.377Z|Finalizado
806|InformacionOperativaPeriodicaSIN|10_PanoramaEnergeticoCortoPlazoEmbalse||true|true|PL_SIMEM_InformacionOperativaPeriodicaSIN_10_PanoramaEnergeticoCortoPlazoEmbalse|2024-09-09|2024-09-15||Deltas OK!|Finalizado|||2024-09-01T18:01:27.787Z|Finalizado
807|InformacionOperativaPeriodicaSIN|10_PanoramaEnergeticoCortoPlazoGeneracion||true|true|PL_SIMEM_InformacionOperativaPeriodicaSIN_10_PanoramaEnergeticoCortoPlazoGeneracion|2024-09-09|2024-09-15||Deltas OK!|Finalizado|||2024-09-01T18:01:21.550Z|Finalizado
808|InformacionOperativaPeriodicaSIN|10_PanoramaEnergeticoCortoPlazoSupuestosyResultados||true|true|PL_SIMEM_InformacionOperativaPeriodicaSIN_10_PanoramaEnergeticoCortoPlazoSupuestosyResultados|2024-09-09|2024-09-15||Deltas OK!|Finalizado|||2024-09-01T18:01:14.300Z|Finalizado
809|InformacionOperativaPeriodicaSIN|10_InformeDiarioOperacionVariableMeteorologicaEolica||true|true|PL_SIMEM_InformacionOperativaPeriodicaSIN_10_InformeDiarioOperacionVariableMeteorologicaEolica|2024-09-02|2024-09-02||Deltas OK!|Finalizado|||2024-09-02T06:02:50.643Z|Finalizado
810|InformacionGeneralSIN|9_ListadoSubestacion||true|true|PL_SIMEM_InformacionGeneralSIN_9_ListadoSubestacion|2024-09-02|2024-09-02||Deltas OK!|Finalizado|||2024-09-02T06:11:59.377Z|Finalizado
811|InformacionGeneralSIN|9_ListadoOperador||true|true|PL_SIMEM_InformacionGeneralSIN_9_ListadoOperador|2024-09-02|2024-09-02||Deltas OK!|Finalizado|||2024-09-02T06:12:05.830Z|Finalizado
812|InformacionGeneralSIN|9_ListadoSubareaOperativa||true|true|PL_SIMEM_InformacionGeneralSIN_9_ListadoSubareaOperativa|2024-09-02|2024-09-02||Deltas OK!|Finalizado|||2024-09-02T06:11:48.543Z|Finalizado
813|InformacionGeneralSIN|9_ListadoEmbalse||true|true|PL_SIMEM_InformacionGeneralSIN_9_ListadoEmbalse|2024-09-02|2024-09-02||Deltas OK!|Finalizado|||2024-09-02T06:02:14.457Z|Finalizado
814|InformacionGeneralSIN|9_ListadoAreaOperativa||true|true|PL_SIMEM_InformacionGeneralSIN_9_ListadoAreaOperativa|2024-09-02|2024-09-02||Deltas OK!|Finalizado|||2024-09-02T06:02:30.470Z|Finalizado
883|Maestras|36_ReportesTrimestralesSobreCostosYPreciosMEM_Maestra||false|true|PL_SIMEM_ReporteTrimestralCostosPreciosdelMEM_36_ReportesTrimestralesSobreCostosYPreciosMEM|2024-09-01|2024-09-30||Deltas OK!|Finalizado|||2024-09-01T09:13:00.133Z|Finalizado
884|RegistroContratos|Multifuente_21_ReporteContratosUNR||true|true|PL_SIMEM_RegistroContratos_21_ReporteContratosUNR|2024-09-01|2024-09-30||Deltas OK!|Finalizado|||2024-09-01T04:01:14.277Z|Finalizado
889|InformacionFinancieraMEM|Multifuente_33_2_GarantiasParaCubrirTransaccionesDelMEM||true|false|PL_SIMEM_InformacionFinancieraMEM_33_2_GarantiasParaCubrirTransaccionesDelMEM|2024-08-01|2024-08-31||Deltas OK!|Finalizado|||2024-08-11T06:01:52.793Z|Finalizado
891|RegistroContratos|21_EstadoFacturacionContratoUNR||false|true|PL_SIMEM_RegistroContratos_21_EstadoFacturacionContratoUNR|2024-09-02|2024-09-02||Deltas OK!|Finalizado|||2024-09-02T03:02:07.287Z|Finalizado
892|RegistroContratos|21_RepresentantesFronterasUNR||false|true|PL_SIMEM_RegistroContratos_21_RepresentantesFronterasUNR|2024-09-02|2024-09-02||Deltas OK!|Finalizado|||2024-09-02T03:01:55.860Z|Finalizado
893|InformacionGeneralSIN|9_ListadoPlantasPruebas||true|true|PL_SIMEM_InformacionGeneralSIN_9_ListadoPlantasPruebas|2024-09-02|2024-09-02||Deltas OK!|Finalizado|||2024-09-01T07:16:47.300Z|Finalizado
898|RegistroContratos|Multifuente_38_ReporteContratosLP||true|true|PL_SIMEM_RegistroContratos_38_ReporteContratosLP|2024-06-01|2024-06-30||Problemas con deltas, se tienen 2024-06-01 y 2024-06-30, deberian ser 2024-09-01 y 2024-09-30 respectivamente.|Iniciado|||2024-08-29T09:44:42.290Z|Fallido
903|Metricas|MetricasApiDatos||false|true|PL_SIMEM_Metricas_MetricasApiDatos|2024-08-19|2024-08-19||Falta configurar alerta de delta|Iniciado|||2024-08-21T07:02:17.010Z|Fallido
904|Metricas|MetricasApiArchivos||false|true|PL_SIMEM_Metricas_MetricasApiArchivos|2024-08-19|2024-08-19||Falta configurar alerta de delta|Iniciado|||2024-08-21T07:02:19.387Z|Fallido
905|Metricas|MetricasFrontDoor||false|true|PL_SIMEM_Metricas_MetricasFrontDoor|2024-08-19|2024-08-19||Falta configurar alerta de delta|Finalizado|||2024-08-20T15:19:59.577Z|Fallido
266|InfoCargoPorConfiabilidad|12_PreciosDeEscasez||true|true|PL_InfoCargoPorConfiabilidad_12_PreciosDeEscasez|2024-09-01|2024-09-30||Deltas OK!|Finalizado|||2024-08-06T03:01:25.283Z|Finalizado
368|InformacionOfertasdePreciosMEM|18_PrecioOfertaGeneradores||true|true|PL_SIMEM_InformacionOfertasdePreciosMEM_18_PrecioOfertaGeneradores|2024-09-01|2024-09-30||Deltas OK!|Finalizado|||2024-09-02T05:01:56.967Z|Finalizado
371|InformacionOfertasdePreciosMEM|18_PrecioOfertaPlantaConfiguracion||true|true|PL_SIMEM_InformacionOfertasdePreciosMEM_18_PrecioOfertaPlantaConfiguracion|2024-09-01|2024-09-30||Deltas OK!|Finalizado|||2024-09-02T05:01:48.613Z|Finalizado
372|InformacionOfertasdePreciosMEM|18_PrecioOfertaArranqueParadaRecursoUSD||false|true|PL_SIMEM_InformacionOfertasdePreciosMEM_18_PrecioOfertaArranqueParadaRecursoUSD|2024-10-01|2024-10-31||Deltas OK!|Finalizado|||2024-08-29T14:56:48.483Z|Finalizado
476|InfoPreciosyCantidadesMercadoNoRegulado|25_FrtNivelTensionMCyFactorPerd_4||true|true|PL_SIMEM_InfoPreciosyCantidadesMercadoNoRegulado_25_FrtNivelTensionMCyFactorPerd|2024-08-01|2024-08-31||Deltas OK!|Finalizado|||2024-08-16T03:12:05.183Z|Finalizado
477|InfoPreciosyCantidadesMercadoNoRegulado|Multifuente_25_CantidadesUNR||true|false|PL_SIMEM_InfoPreciosyCantidadesMercadoNoRegulado_25_CantidadesUNR|2024-09-01|2029-08-31||Deltas OK!|Finalizado|||2024-08-16T03:01:08.237Z|Finalizado
478|InfoPreciosyCantidadesMercadoNoRegulado|Multifuente_25_PreciosUNR||true|false|PL_SIMEM_InfoPreciosyCantidadesMercadoNoRegulado_25_PreciosUNR|2024-09-01|2029-08-31||Deltas OK!|Finalizado|||2024-08-16T03:00:57.637Z|Finalizado
480|InfoPreciosyCantidadesMercadoNoRegulado|25_FrtDemanda_2||true|true|PL_SIMEM_InfoPreciosyCantidadesMercadoNoRegulado_25_FrtDemanda_2|2024-08-01|2024-08-31||Deltas OK!|Finalizado|||2024-08-16T03:01:13.043Z|Finalizado
481|InfoPreciosyCantidadesMercadoNoRegulado|Multifuente_25_FacturasUNR||true|false|PL_SIMEM_InfoPreciosyCantidadesMercadoNoRegulado_25_FacturasUNR|2024-08-01|2024-08-31||Deltas OK!|Finalizado|||2024-08-16T03:01:17.300Z|Finalizado
643|ReporteAnualCostosPreciosdelMEM|35_ReportesAnualesSobreCostosYPreciosMEM||true|true|PL_SIMEM_ReporteAnualCostosPreciosdelMEM_35_ReportesAnualesSobreCostosYPreciosMEM|2023-01-01|2023-12-31||Deltas OK!|Finalizado|||2024-05-20T16:44:37.440Z|Finalizado
658|InfoCargoPorConfiabilidad|16_IPPUSA||false|true|PL_SIMEM_InfoCargoPorConfiabilidad_16_IPPUSA|2024-08-01|2024-08-31||Deltas OK!|Finalizado|||2024-08-05T23:01:11.387Z|Finalizado
659|InformacionOfertasdePreciosMEM|Multifuente_18_185682_d||true|false|PL_InformacionOfertasdePreciosMEM_18_CodigosicagenteRecursoCombustibletipoEstadoUnidadVersionPeriodo1|2024-08-01|2024-08-31||Deltas OK!|Finalizado|||2024-08-05T19:58:43.490Z|Finalizado
